{
  "env": {
    "SHELL": "/bin/bash",
    "TERM": "xterm"
  },
  "version": 1,
  "command": null,
  "height": 54,
  "width": 177,
  "duration": 89.693509,
  "stdout": [
    [
      0.035156,
      "\u001b]0;root@acs-villas:/villas\u0007"
    ],
    [
      3.3e-05,
      "[root@acs-villas villas]# "
    ],
    [
      0.880906,
      "#"
    ],
    [
      0.103991,
      " "
    ],
    [
      0.247967,
      "t"
    ],
    [
      0.168028,
      "h"
    ],
    [
      0.111932,
      "e"
    ],
    [
      0.088065,
      " "
    ],
    [
      0.544021,
      "d"
    ],
    [
      0.095982,
      "e"
    ],
    [
      0.191916,
      "c"
    ],
    [
      0.112093,
      "i"
    ],
    [
      0.087978,
      "m"
    ],
    [
      0.079706,
      "a"
    ],
    [
      0.080317,
      "t"
    ],
    [
      0.095905,
      "e"
    ],
    [
      0.128061,
      " "
    ],
    [
      0.240038,
      "h"
    ],
    [
      0.167986,
      "o"
    ],
    [
      0.159968,
      "o"
    ],
    [
      0.184035,
      "k"
    ],
    [
      0.560019,
      " "
    ],
    [
      0.095945,
      "a"
    ],
    [
      0.128026,
      "l"
    ],
    [
      0.160025,
      "l"
    ],
    [
      0.160002,
      "o"
    ],
    [
      0.071945,
      "w"
    ],
    [
      0.168013,
      "s"
    ],
    [
      0.080039,
      " "
    ],
    [
      1.552019,
      "u"
    ],
    [
      0.095936,
      "s"
    ],
    [
      0.304175,
      " "
    ],
    [
      0.183862,
      "t"
    ],
    [
      0.111929,
      "o"
    ],
    [
      0.088091,
      " "
    ],
    [
      0.295971,
      "r"
    ],
    [
      0.080024,
      "e"
    ],
    [
      0.223979,
      "d"
    ],
    [
      0.207995,
      "u"
    ],
    [
      0.127997,
      "c"
    ],
    [
      0.11203,
      "e"
    ],
    [
      0.127966,
      " "
    ],
    [
      0.079997,
      "t"
    ],
    [
      0.199952,
      "h"
    ],
    [
      0.096061,
      "e"
    ],
    [
      0.120025,
      " "
    ],
    [
      0.120007,
      "r"
    ],
    [
      0.112131,
      "a"
    ],
    [
      0.119847,
      "t"
    ],
    [
      0.096022,
      "e"
    ],
    [
      0.088027,
      " "
    ],
    [
      0.191946,
      "o"
    ],
    [
      0.112089,
      "f"
    ],
    [
      0.111924,
      " "
    ],
    [
      0.127734,
      "a"
    ],
    [
      0.144248,
      " "
    ],
    [
      0.184005,
      "s"
    ],
    [
      0.192025,
      "a"
    ],
    [
      0.087968,
      "m"
    ],
    [
      0.096014,
      "p"
    ],
    [
      0.208031,
      "l"
    ],
    [
      0.119865,
      "e"
    ],
    [
      0.151845,
      " "
    ],
    [
      0.256294,
      "s"
    ],
    [
      0.111965,
      "t"
    ],
    [
      0.183996,
      "r"
    ],
    [
      0.08004,
      "e"
    ],
    [
      0.055978,
      "a"
    ],
    [
      0.167995,
      "m"
    ],
    [
      1.480023,
      "\r\n"
    ],
    [
      7.5e-05,
      "\u001b]0;root@acs-villas:/villas\u0007"
    ],
    [
      1.7e-05,
      "[root@acs-villas villas]# "
    ],
    [
      1.175907,
      "#"
    ],
    [
      0.191993,
      " "
    ],
    [
      0.320023,
      "T"
    ],
    [
      0.199941,
      "h"
    ],
    [
      0.112067,
      "i"
    ],
    [
      0.183981,
      "s"
    ],
    [
      0.096001,
      " "
    ],
    [
      0.53574,
      "c"
    ],
    [
      0.096262,
      "a"
    ],
    [
      0.119937,
      "n"
    ],
    [
      0.10406,
      " "
    ],
    [
      0.151994,
      "b"
    ],
    [
      0.095996,
      "e"
    ],
    [
      0.191774,
      " "
    ],
    [
      0.464202,
      "u"
    ],
    [
      0.048013,
      "s"
    ],
    [
      0.175973,
      "e"
    ],
    [
      0.143748,
      "f"
    ],
    [
      0.168255,
      "u"
    ],
    [
      0.112091,
      "l"
    ],
    [
      0.223935,
      " "
    ],
    [
      1.440036,
      "f"
    ],
    [
      0.192,
      "o"
    ],
    [
      0.191723,
      "r"
    ],
    [
      0.136215,
      " "
    ],
    [
      0.232014,
      "s"
    ],
    [
      0.176059,
      "e"
    ],
    [
      0.159942,
      "n"
    ],
    [
      0.096026,
      "d"
    ],
    [
      0.06406,
      "i"
    ],
    [
      0.111843,
      "n"
    ],
    [
      0.104118,
      "g"
    ],
    [
      1.560018,
      " "
    ],
    [
      0.1439,
      "d"
    ],
    [
      0.080087,
      "a"
    ],
    [
      0.103962,
      "t"
    ],
    [
      0.096068,
      "a"
    ],
    [
      0.103978,
      " "
    ],
    [
      0.223773,
      "o"
    ],
    [
      0.064158,
      "v"
    ],
    [
      0.152065,
      "e"
    ],
    [
      0.071982,
      "r"
    ],
    [
      0.096005,
      " "
    ],
    [
      0.080029,
      "t"
    ],
    [
      0.159729,
      "h"
    ],
    [
      0.104275,
      "e"
    ],
    [
      0.056166,
      " "
    ],
    [
      0.151908,
      "i"
    ],
    [
      0.095937,
      "n"
    ],
    [
      0.055988,
      "t"
    ],
    [
      0.103998,
      "e"
    ],
    [
      0.079969,
      "r"
    ],
    [
      0.176024,
      "n"
    ],
    [
      0.528013,
      "e"
    ],
    [
      0.056008,
      "t"
    ],
    [
      0.191957,
      " "
    ],
    [
      0.160007,
      "o"
    ],
    [
      0.360064,
      "r"
    ],
    [
      0.27197,
      " "
    ],
    [
      0.648009,
      "t"
    ],
    [
      0.135959,
      "o"
    ],
    [
      0.064032,
      " "
    ],
    [
      0.19172,
      "a"
    ],
    [
      0.088279,
      " "
    ],
    [
      0.352012,
      "w"
    ],
    [
      0.039991,
      "e"
    ],
    [
      0.183695,
      "b"
    ],
    [
      0.480255,
      "b"
    ],
    [
      0.064049,
      "r"
    ],
    [
      0.144013,
      "o"
    ],
    [
      0.095957,
      "w"
    ],
    [
      0.192007,
      "s"
    ],
    [
      0.176023,
      "e"
    ],
    [
      0.07197,
      "r"
    ],
    [
      0.728227,
      " "
    ],
    [
      0.455793,
      "w"
    ],
    [
      0.088019,
      "h"
    ],
    [
      0.095993,
      "i"
    ],
    [
      0.095977,
      "c"
    ],
    [
      0.120019,
      "h"
    ],
    [
      0.072122,
      " "
    ],
    [
      0.135866,
      "c"
    ],
    [
      0.063725,
      "a"
    ],
    [
      0.192296,
      "n"
    ],
    [
      0.376008,
      " "
    ],
    [
      0.263995,
      "n"
    ],
    [
      0.095963,
      "o"
    ],
    [
      0.11994,
      "t"
    ],
    [
      0.128101,
      " "
    ],
    [
      0.512011,
      "c"
    ],
    [
      0.088005,
      "o"
    ],
    [
      0.207699,
      "p"
    ],
    [
      0.112303,
      "e"
    ],
    [
      0.111985,
      " "
    ],
    [
      0.327986,
      "w"
    ],
    [
      0.176011,
      "i"
    ],
    [
      0.104012,
      "t"
    ],
    [
      0.127993,
      "h"
    ],
    [
      0.12801,
      " "
    ],
    [
      1.024001,
      "t"
    ],
    [
      0.159966,
      "h"
    ],
    [
      0.104016,
      "e"
    ],
    [
      1.176223,
      " "
    ],
    [
      0.703555,
      "h"
    ],
    [
      0.096246,
      "i"
    ],
    [
      0.215728,
      "g"
    ],
    [
      0.192257,
      "h"
    ],
    [
      0.328021,
      " "
    ],
    [
      0.287985,
      "r"
    ],
    [
      0.127749,
      "a"
    ],
    [
      0.376238,
      "t"
    ],
    [
      0.064002,
      "e"
    ],
    [
      0.192005,
      "s"
    ],
    [
      0.080032,
      " "
    ],
    [
      0.183988,
      "o"
    ],
    [
      0.111959,
      "f"
    ],
    [
      0.104025,
      " "
    ],
    [
      0.224015,
      "a"
    ],
    [
      0.199983,
      " "
    ],
    [
      0.608045,
      "D"
    ],
    [
      0.215948,
      "R"
    ],
    [
      0.18399,
      "T"
    ],
    [
      0.256058,
      "D"
    ],
    [
      0.103981,
      "S"
    ],
    [
      0.695964,
      "\b\u001b[K"
    ],
    [
      0.15991,
