{
  "version": 1,
  "title": null,
  "duration": 41.875415,
  "stdout": [
    [
      0.035222,
      "\u001b]0;root@acs-villas:/villas\u0007"
    ],
    [
      3.4e-05,
      "[root@acs-villas villas]# "
    ],
    [
      1.257271,
      "v"
    ],
    [
      0.192012,
      "i"
    ],
    [
      0.272002,
      "l"
    ],
    [
      0.143876,
      "l"
    ],
    [
      0.088099,
      "a"
    ],
    [
      0.056034,
      "s"
    ],
    [
      0.064021,
      " "
    ],
    [
      0.159909,
      "h"
    ],
    [
      0.168061,
      "o"
    ],
    [
      0.151972,
      "o"
    ],
    [
      0.216028,
      "k"
    ],
    [
      0.167983,
      " "
    ],
    [
      0.120034,
      "t"
    ],
    [
      0.0798,
      "s"
    ],
    [
      0.552197,
      "\r\n"
    ],
    [
      0.020808,
      "     0.000 \u001b[37mInfo \u001b[0m \u001b(0t\u001b(B Initialize memory sub-system\r\n"
    ],
    [
      5.9e-05,
      "     0.000 \u001b[30mDebug\u001b[0m \u001b(0x\u001b(B \u001b(0t\u001b(B Increased ressource limit of locked memory to 209715200 bytes\r\n"
    ],
    [
      0.915134,
      "1"
    ],
    [
      1.039888,
      "."
    ],
    [
      0.376083,
      "2"
    ],
    [
      0.89603,
      "("
    ],
    [
      0.191963,
      "1"
    ],
    [
      0.15198,
      ")"
    ],
    [
      0.280044,
      " "
    ],
    [
      0.183821,
      "1"
    ],
    [
      0.160177,
      " "
    ],
    [
      0.192018,
      "2"
    ],
    [
      0.095955,
      " "
    ],
    [
      0.240037,
      "3"
    ],
    [
      0.144007,
      " "
    ],
    [
      0.199944,
      "4"
    ],
    [
      0.432045,
      " "
    ],
    [
      0.167803,
      "5"
    ],
    [
      0.440202,
      "\r\n"
    ],
    [
      5.8e-05,
      "1494244348.591261952+0.000000e+00(1)\t1.000000\t2.000000\t3.000000\t4.000000\t5.000000\r\n"
    ],
    [
      1.200532,
      "\u001b]0;root@acs-villas:/villas\u0007"
    ],
    [
      4e-05,
      "[root@acs-villas villas]# "
    ],
    [
      0.735385,
      "w"
    ],
    [
      1.071883,
      "e"
    ],
    [
      0.168123,
      " "
    ],
    [
      0.135992,
      "c"
    ],
    [
      0.080017,
      "a"
    ],
    [
      0.127935,
      "n"
    ],
    [
      0.079986,
      " "
    ],
    [
      0.160132,
      "s"
    ],
    [
      0.192146,
      "e"
    ],
    [
      0.143797,
      "e"
    ],
    [
      0.175927,
      " "
    ],
    [
      0.144,
      "t"
    ],
    [
      0.176081,
      "h"
    ],
    [
      0.143994,
      "a"
    ],
    [
      0.183979,
      "t"
    ],
    [
      0.152009,
      " "
    ],
    [
      0.112014,
      "t"
    ],
    [
      0.959713,
      "h"
    ],
    [
      0.103838,
      "e"
    ],
    [
      0.088471,
      " "
    ],
    [
      0.223964,
      "o"
    ],
    [
      0.088011,
      "r"
    ],
    [
      0.144005,
      "i"
    ],
    [
      0.056001,
      "g"
    ],
    [
      0.111976,
      "i"
    ],
    [
      0.135996,
      "n"
    ],
    [
      0.080034,
      "a"
    ],
    [
      0.136009,
      "l"
    ],
    [
      0.071994,
      " "
    ],
    [
      0.104025,
      "t"
    ],
    [
      0.103945,
      "i"
    ],
    [
      0.088044,
      "m"
    ],
    [
      0.064009,
      "e"
    ],
    [
      0.199927,
      "s"
    ],
    [
      0.088011,
      "t"
    ],
    [
      0.040004,
      "a"
    ],
    [
      0.096038,
      "m"
    ],
    [
      0.071894,
      "p"
    ],
    [
      0.320292,
      " "
    ],
    [
      0.231829,
      "o"
    ],
    [
      0.095992,
      "f"
    ],
    [
      0.095954,
      " "
    ],
    [
      0.09605,
      "t"
    ],
    [
      0.12039,
      "h"
    ],
    [
      0.119607,
      "e"
    ],
    [
      0.031967,
      " "
    ],
    [
      0.248045,
      "m"
    ],
    [
      0.11202,
      "e"
    ],
    [
      0.183963,
      "s"
    ],
    [
      0.191973,
      "s"
    ],
    [
      0.040026,
      "a"
    ],
    [
      0.768014,
      "g"
    ],
    [
      0.096017,
      "e"
    ],
    [
      0.111734,
      " "
    ],
    [
      0.176225,
      "("
    ],
    [
      1.024046,
      "1"
    ],
    [
      0.815988,
      "."
    ],
    [
      0.12,
      "2"
    ],
    [
      0.272015,
      ")"
    ],
    [
      0.255832,
      " "
    ],
    [
      0.168163,
      "w"
    ],
    [
      0.399971,
      "\b\u001b[K"
    ],
    [
      0.29592,
      "h"
    ],
    [
      0.080037,
      "a"
    ],
    [
      0.040073,
      "s"
    ],
    [
      0.064176,
      " "
    ],
    [
      0.151798,
      "b"
    ],
    [
      0.080042,
      "e"
    ],
    [
      0.15994,
      "e"
    ],
    [
      0.088047,
      "n"
    ],
    [
      0.10397,
      " "
    ],
    [
      0.199991,
      "o"
    ],
    [
      0.096014,
      "v"
    ],
    [
      0.184026,
      "e"
    ],
    [
      0.072001,
      "r"
    ],
    [
      0.59997,
      "w"
    ],
    [
      0.120024,
      "r"
    ],
    [
      0.151994,
      "i"
    ],
    [
      0.048009,
      "t"
    ],
    [
      0.159858,
      "t"
    ],
    [
      0.128147,
      "e"
    ],
    [
      0.176003,
      "n"
    ],
    [
      0.071978,
      " "
    ],
    [
      0.17603,
      "w"
    ],
    [
      0.167995,
      "i"
    ],
    [
      0.095993,
      "t"
    ],
    [
      0.160001,
      "h"
    ],
    [
      0.183962,
      " "
    ],
    [
      0.143759,
      "t"
    ],
    [
      0.192245,
      "h"
    ],
    [
      0.111998,
      "e"
    ],
    [
      0.160047,
      " "
    ],
    [
      0.143999,
      "c"
    ],
    [
      0.136096,
      "u"
    ],
    [
      0.111895,
      "r"
    ],
    [
      0.168014,
      "r"
    ],
    [
      0.071999,
      "e"
    ],
    [
      0.103996,
      "n"
    ],
    [
      0.080006,
      "t"
    ],
    [
      0.352011,
      " "
    ],
    [
      0.215639,
      "t"
    ],
    [
      0.120349,
      "i"
    ],
    [
      0.079989,
      "m"
    ],
    [
      0.12798,
      "e"
    ],
    [
      0.144033,
      " "
    ],
    [
      0.183976,
      "("
    ],
    [
      3.0,
      "1"
    ],
    [
      0.000446,
      "494244348.591261952+"
    ],
    [
      0.918043,
      "\b\u001b[K"
    ],
    [
      0.303941,
      ")"
    ],
    [
      3.0,
      "\u0007"
    ],
    [
      2.439994,
      "\u0007"
    ],
    [
      1.520024,
      "^C"
    ],
    [
      7.5e-05,
      "\r\n\u001b]0;root@acs-villas:/villas\u0007[root@acs-villas villas]# "
    ]
  ],
  "width": 177,
  "env": {
    "SHELL": "/bin/bash",
    "TERM": "xterm"
  },
  "height": 54,
  "command": null
}