{
  "width": 244,
  "env": {
    "SHELL": "bash",
    "TERM": "xterm"
  },
  "command": null,
  "duration": 28.133828,
  "version": 1,
  "stdout": [
    [
      0.029868,
      "\u001b]0;@5b190630cbf7:/villas\u0007"
    ],
    [
      0.000504,
      "[root@5b190630cbf7 villas]# "
    ],
    [
      0.873189,
      "v"
    ],
    [
      0.279681,
      "i"
    ],
    [
      0.272113,
      "l"
    ],
    [
      0.160469,
      "l"
    ],
    [
      0.09566,
      "a"
    ],
    [
      0.079908,
      "s"
    ],
    [
      0.360376,
      " "
    ],
    [
      0.39234,
      "p"
    ],
    [
      0.10253,
      "i"
    ],
    [
      0.09703,
      "p"
    ],
    [
      0.223933,
      "e"
    ],
    [
      1.007715,
      " "
    ],
    [
      0.215496,
      "l"
    ],
    [
      0.10383,
      "a"
    ],
    [
      0.176682,
      "b"
    ],
    [
      0.400084,
      "3"
    ],
    [
      0.231956,
      "."
    ],
    [
      0.184152,
      "c"
    ],
    [
      0.135844,
      "o"
    ],
    [
      0.168004,
      "n"
    ],
    [
      0.136147,
      "f"
    ],
    [
      0.335487,
      " "
    ],
    [
      0.280705,
      "u"
    ],
    [
      0.119466,
      "d"
    ],
    [
      0.120107,
      "p"
    ],
    [
      0.328194,
      "_"
    ],
    [
      0.383895,
      "n"
    ],
    [
      0.055387,
      "o"
    ],
    [
      0.080897,
      "d"
    ],
    [
      0.054931,
      "e"
    ],
    [
      0.865051,
      "1"
    ],
    [
      1.751776,
      " "
    ],
    [
      0.464373,
      ">"
    ],
    [
      0.248085,
      " "
    ],
    [
      0.863807,
      "f"
    ],
    [
      0.136092,
      "i"
    ],
    [
      0.087726,
      "l"
    ],
    [
      0.072083,
      "e"
    ],
    [
      1.152245,
      "."
    ],
    [
      0.151582,
      "d"
    ],
    [
      0.112418,
      "a"
    ],
    [
      0.143913,
      "t"
    ],
    [
      0.960254,
      "\r\n"
    ],
    [
      0.056586,
      "     0.000 \u001b[37mInfo \u001b[0m \u001b(0t\u001b(B Initialize API sub-system"
    ],
    [
      0.000339,
      "\r\n"
    ],
    [
      0.000852,
      "     0.001 \u001b[37mInfo \u001b[0m \u001b(0x\u001b(B \u001b(0t\u001b(B Reading configuration from local file: lab3.conf"
    ],
    [
      0.00026,
      "\r\n"
    ],
    [
      0.008701,
      "     0.010 \u001b[37mInfo \u001b[0m \u001b(0t\u001b(B Initialize memory sub-system"
    ],
    [
      0.000182,
      "\r\n"
    ],
    [
      0.000575,
      "     0.011 \u001b[30mDebug\u001b[0m \u001b(0x\u001b(B \u001b(0t\u001b(B Increased ressource limit of locked memory to 209715200 bytes"
    ],
    [
      0.000407,
      "\r\n"
    ],
    [
      0.000169,
      "     0.012 \u001b[37mInfo \u001b[0m \u001b(0t\u001b(B Initialize signals"
    ],
    [
      0.00032,
      "\r\n"
    ],
    [
      0.000393,
      "     0.012 \u001b[37mInfo \u001b[0m \u001b(0t\u001b(B Initialize real-time sub-system"
    ],
    [
      0.000208,
      "\r\n"
    ],
    [
      0.000361,
      "     0.013 \u001b[33mWarn \u001b[0m \u001b(0x\u001b(B \u001b(0t\u001b(B We recommend to use an PREEMPT_RT patched kernel!"
    ],
    [
      0.000467,
      "\r\n"
    ],
    [
      0.000212,
      "     0.014 \u001b[33mWarn \u001b[0m \u001b(0x\u001b(B \u001b(0t\u001b(B You might want to use the 'priority' setting to increase VILLASnode's process priority"
    ],
    [
      0.000217,
      "\r\n"
    ],
    [
      0.000372,
      "     0.014 \u001b[33mWarn \u001b[0m \u001b(0x\u001b(B \u001b(0t\u001b(B You should use the 'affinity' setting to pin VILLASnode to dedicate CPU cores"
    ],
    [
      0.000299,
      "\r\n"
    ],
    [
      0.000262,
      "     0.015 \u001b[37mInfo \u001b[0m \u001b(0t\u001b(B Initializing \u001b[33msocket\u001b[0m node type which is used by 1 nodes"
    ],
    [
      0.000396,
      "\r\n"
    ],
    [
      0.000574,
      "     0.016 \u001b[33mWarn \u001b[0m \u001b(0x\u001b(B \u001b(0t\u001b(B Did not found any interrupts for interface 'lo'"
    ],
    [
      0.000224,
      "\r\n"
    ],
    [
      0.000293,
      "     0.016 \u001b[37mInfo \u001b[0m \u001b(0x\u001b(B \u001b(0t\u001b(B Starting interface 'lo' which is used by 1 sockets"
    ],
    [
      0.000424,
      "\r\n"
    ],
    [
      0.000339,
      "     0.017 \u001b[37mInfo \u001b[0m \u001b(0t\u001b(B Starting node \u001b[31mudp_node1\u001b[0m(\u001b[33msocket\u001b[0m): vectorize=1, layer=udp, header=default, endian=auto, local=0.0.0.0:12000, remote=127.0.0.1:12001"
    ],
    [
      0.000147,
      "\r\n"
    ],
    [
      3.0,
      "    44.177 \u001b[37mInfo \u001b[0m \u001b(0t\u001b(B Reached end-of-file. Terminating...\r\n    44.177 \u001b[37mInfo \u001b[0m \u001b(0t\u001b(B Stopping paths\r\n    44.177 \u001b[37mInfo \u001b[0m \u001b(0t\u001b(B Stopping nodes\r\n    44.177 \u001b[37mInfo \u001b[0m \u001b(0x\u001b(B \u001b(0t\u001b(B Stopping node \u001b[31mudp_node1\u001b[0m(\u001b[33msocket\u001b[0m)\r\n    44.177 \u001b[37mInfo \u001b[0m \u001b(0t\u001b(B Stopping node types\r\n    44.177 \u001b[37mInfo \u001b[0m \u001b(0x\u001b(B \u001b(0t\u001b(B De-initializing \u001b[33msocket\u001b[0m node type\r\n    44.177 \u001b[37mInfo \u001b[0m \u001b(0x\u001b(B \u001b(0x\u001b(B \u001b(0t\u001b(B Stopping interface 'lo'\r\n    44.177 \u001b[37mInfo \u001b[0m \u001b(0t\u001b(B Stopping Web sub-system\r\n"
    ],
    [
      0.000673,
      "[root@5b190630cbf7 villas]# "
    ],
    [
      1.94997,
      "c"
    ],
    [
      0.343519,
      "a"
    ],
    [
      0.160271,
      "t"
    ],
    [
      2.439901,
      " "
    ],
    [
      0.224002,
      "f"
    ],
    [
      0.17594,
      "i"
    ],
    [
      0.079973,
      "l"
    ],
    [
      0.064826,
      "e"
    ],
    [
      0.214729,
      ".dat "
    ],
    [
      0.680681,
      "\r\n"
    ],
    [
      0.004912,
      "# sec.nsec+offset     "
    ],
    [
      0.000467,
      "\t"
    ],
    [
      0.000148,
      "\t"
    ],
    [
      0.000262,
      "data[]"
    ],
    [
      0.000321,
      "\r\n"
    ],
    [
      0.000459,
      "1494159480.314685852+8.116659e-03(0)"
    ],
    [
      0.000202,
      "\t"
    ],
    [
      0.000298,
      "0.000001"
    ],
    [
      0.000346,
      "\r\n"
    ],
    [
      0.000334,
      "1494159481.314775229+1.246260e-04(1)"
    ],
    [
      0.000344,
      "\t"
    ],
    [
      0.000314,
      "0.000562"
    ],
    [
      0.000363,
      "\r\n"
    ],
    [
      0.000342,
      "1494159482.314712421+1.088840e-04(2)"
    ],
    [
      0.000252,
      "\t"
    ],
    [
      6e-05,
      "0.000167"
    ],
    [
      3.6e-05,
      "\r\n"
    ],
    [
      4.8e-05,
      "1494159483.315489395+1.339160e-04(3)"
    ],
    [
      4.2e-05,
      "\t"
    ],
    [
      3.2e-05,
      "0.005049"
    ],
    [
      4.1e-05,
      "\r\n"
    ],
    [
      3.5e-05,
      "1494159484.314771461+1.142260e-04(4)"
    ],
    [
      4.2e-05,
      "\t"
    ],
    [
      3e-05,
      "0.000538"
    ],
    [
      4.1e-05,
      "\r\n"
    ],
    [
      3e-05,
      "1494159485.315670105+1.078690e-04(5)"
    ],
    [
      4.2e-05,
      "\t"
    ],
    [
      3.6e-05,
      "0.006185"
    ],
    [
      4.5e-05,
      "\r\n"
    ],
    [
      2.9e-05,
      "1494159486.315690609+1.614340e-04(6)"
    ],
    [
      4.3e-05,
      "\t"
    ],
    [
      4.2e-05,
      "0.006314"
    ],
    [
      3.3e-05,
      "\r\n"
    ],
    [
      4.1e-05,
      "1494159487.315065701+1.156560e-04(7)"
    ],
    [
      3.1e-05,
      "\t"
    ],
    [
      4.1e-05,
      "0.002387"
    ],
    [
      3e-05,
      "\r\n"
    ],
    [
      4.1e-05,
      "1494159488.315985550+1.141330e-04(8)"
    ],
    [
      3e-05,
      "\t"
    ],
    [
      4e-05,
      "0.008167"
    ],
    [
      3e-05,
      "\r\n"
    ],
    [
      4.1e-05,
      "1494159489.315738280+1.146270e-04(9)"
    ],
    [
      3.1e-05,
      "\t"
    ],
    [
