{
  "height": 21,
  "stdout": [
    [
      0.090611,
      "\u001b]1337;RemoteHost=stv0g@cam.wg.0l.dn42\u0007\u001b]1337;CurrentDir=/Users/stv0g/workspace/rwth/villas/node-new\u0007"
    ],
    [
      0.000111,
      "\u001b]1337;ShellIntegrationVersion=2;shell=bash\u0007"
    ],
    [
      0.02108,
      "\u001b]0;stv0g@cam.wg.0l.dn42: /Users/stv0g/workspace/rwth/villas/node-new\u0007"
    ],
    [
      0.160184,
      "\u001b]133;C;\u0007"
    ],
    [
      0.011001,
      "\u001b]133;D;0\u0007\u001b]1337;RemoteHost=stv0g@cam.wg.0l.dn42\u0007\u001b]1337;CurrentDir=/Users/stv0g/workspace/rwth/villas/node-new\u0007\u001b]133;A\u0007\u001b[01;35m19:56 \u001b[32m✔ \u001b[01;34mstv0g\u001b[01;33m@\u001b[01;36mcam.wg.0l.dn42 \u001b[01;30m(\u001b[32mdevelop\u001b[0m \u001b[31m*\u001b[1;34m$\u001b[31m%\u001b[0m\u001b[01;30m) \u001b[01;34m~/workspace/rwth/villas/node-new\r\r\n \u001b[01;30m1 \u001b[31m$ \u001b[00m\u001b]133;B\u0007"
    ],
    [
      0.484845,
      "docker run villas/node signal sine -l 10 -r 10 -f 3 -v 1"
    ],
    [
      1.19938,
      "\r\n"
    ],
    [
      0.002736,
      "\u001b]133;C;\u0007"
    ],
    [
      0.366054,
      "# VILLASnode signal params: type=-l, values=1, rate=10.000000, limit=10, amplitude=1.000000, freq=3.000000\r\n# sec.nsec(seq)       \t\tdata[]\r\n1493834176.891352271(0)\t0.000004\r\n"
    ],
    [
      0.101004,
      "1493834176.992267295(1)\t0.945584\r\n"
    ],
    [
      0.100284,
      "1493834177.092542246(2)\t-0.605785\r\n"
    ],
    [
      0.099477,
      "1493834177.192117703(3)\t-0.576049\r\n"
    ],
    [
      0.100349,
      "1493834177.292412070(4)\t0.957041\r\n"
    ],
    [
      0.099472,
      "1493834177.391855814(5)\t-0.009495\r\n"
    ],
    [
      0.100096,
      "1493834177.492009272(6)\t-0.947156\r\n"
    ],
    [
      0.100443,
      "1493834177.592494371(7)\t0.605067\r\n"
    ],
    [
      0.100139,
      "1493834177.692448200(8)\t0.570946\r\n"
    ],
    [
      0.099237,
      "1493834177.791826929(9)\t-0.953784\r\n"
    ],
    [
      0.119115,
      "\u001b]0;stv0g@cam.wg.0l.dn42: /Users/stv0g/workspace/rwth/villas/node-new\u0007"
    ],
    [
      0.187257,
      "\u001b]133;D;0\u0007\u001b]1337;RemoteHost=stv0g@cam.wg.0l.dn42\u0007\u001b]1337;CurrentDir=/Users/stv0g/workspace/rwth/villas/node-new\u0007\u001b]133;A\u0007\u001b[01;35m19:56 \u001b[32m✔ \u001b[01;34mstv0g\u001b[01;33m@\u001b[01;36mcam.wg.0l.dn42 \u001b[01;30m(\u001b[32mdevelop\u001b[0m \u001b[31m*\u001b[1;34m$\u001b[31m%\u001b[0m\u001b[01;30m) \u001b[01;34m~/workspace/rwth/villas/node-new\r\r\n \u001b[01;30m2 \u001b[31m$ \u001b[00m\u001b]133;B\u0007"
    ]
  ],
  "title": null,
  "version": 1,
  "width": 84,
  "command": null,
  "duration": 3.545468,
  "env": {
    "TERM": "xterm-256color",
    "SHELL": "/opt/local/bin/bash"
  }
}