{
  "version": 1,
  "width": 143,
  "height": 31,
  "stdout": [
    [
      0.035139,
      "\u001b]0;root@acs-villas:/villas\u0007"
    ],
    [
      3.2e-05,
      "[root@acs-villas villas]# "
    ],
    [
      3.0,
      "#"
    ],
    [
      0.103979,
      " "
    ],
    [
      0.3041,
      "I"
    ],
    [
      0.239908,
      "n"
    ],
    [
      0.184007,
      " "
    ],
    [
      0.599871,
      "o"
    ],
    [
      0.056022,
      "u"
    ],
    [
      0.10408,
      "r"
    ],
    [
      0.0485,
      " "
    ],
    [
      0.431547,
      "f"
    ],
    [
      0.136053,
      "i"
    ],
    [
      0.39196,
      "r"
    ],
    [
      0.135963,
      "s"
    ],
    [
      0.07999,
      "t"
    ],
    [
      0.128104,
      " "
    ],
    [
      0.16796,
      "d"
    ],
    [
      0.063971,
      "e"
    ],
    [
      0.095973,
      "m"
    ],
    [
      0.079962,
      "o"
    ],
    [
      0.568037,
      ","
    ],
    [
      0.08002,
      " "
    ],
    [
      0.176007,
      "w"
    ],
    [
      0.047989,
      "e"
    ],
    [
      0.152002,
      " "
    ],
    [
      0.296016,
      "w"
    ],
    [
      0.096056,
      "i"
    ],
    [
      0.256016,
      "l"
    ],
    [
      0.143906,
      "l"
    ],
    [
      0.11988,
      " "
    ],
    [
      0.384143,
      "g"
    ],
    [
      0.159971,
      "e"
    ],
    [
      0.224026,
      "n"
    ],
    [
      0.696014,
      "e"
    ],
    [
      0.063946,
      "r"
    ],
    [
      0.112129,
      "a"
    ],
    [
      0.119866,
      "t"
    ],
    [
      0.104053,
      "e"
    ],
    [
      0.239967,
      " "
    ],
    [
      1.008,
      "s"
    ],
    [
      0.080039,
      "a"
    ],
    [
      0.351946,
      "m"
    ],
    [
      0.216041,
      "p"
    ],
    [
      0.208007,
      "l"
    ],
    [
      0.096004,
      "e"
    ],
    [
      0.176036,
      "s"
    ],
    [
      0.080048,
      " "
    ],
    [
      0.120185,
      "o"
    ],
    [
      0.111693,
      "f"
    ],
    [
      0.072037,
      " "
    ],
    [
      0.136,
      "a"
    ],
    [
      0.13599,
      " "
    ],
    [
      2.64802,
      "s"
    ],
    [
      0.088012,
      "i"
    ],
    [
      0.088199,
      "n"
    ],
    [
      0.095885,
      "e"
    ],
    [
      0.087918,
      " "
    ],
    [
      0.120052,
      "w"
    ],
    [
      0.151874,
      "a"
    ],
    [
      0.272146,
      "v"
    ],
    [
      0.079965,
      "e"
    ],
    [
      1.544071,
      " "
    ],
    [
      0.103984,
      "a"
    ],
    [
      0.151972,
      "n"
    ],
    [
      0.095997,
      "d"
    ],
    [
      0.096001,
      " "
    ],
    [
      0.216022,
      "p"
    ],
    [
      0.055934,
      "r"
    ],
    [
      0.176031,
      "i"
    ],
    [
      0.079813,
      "n"
    ],
    [
      0.096238,
      "t"
    ],
    [
      0.127713,
      " "
    ],
    [
      0.144002,
      "t"
    ],
    [
      0.088158,
      "h"
    ],
    [
      0.104111,
      "e"
    ],
    [
      0.135944,
      "m"
    ],
    [
      0.160055,
      " "
    ],
    [
      0.280024,
      "o"
    ],
    [
      0.263949,
      "n"
    ],
    [
      0.143964,
      " "
    ],
    [
      0.912149,
      "t"
    ],
    [
      0.079934,
      "h"
    ],
    [
      0.120077,
      "e"
    ],
    [
      0.103863,
      " "
    ],
    [
      0.328032,
      "s"
    ],
    [
      0.095982,
      "t"
    ],
    [
      0.719973,
      "\b\u001b[K"
    ],
    [
      0.095884,
      "r"
    ],
    [
      0.144126,
      "e"
    ],
    [
      0.744074,
      "\b\u001b[K"
    ],
    [
      0.175994,
      "\b\u001b[K"
    ],
    [
      0.175946,
      "c"
    ],
    [
      0.544004,
      "r"
    ],
    [
      0.111987,
      "e"
    ],
    [
      0.167961,
      "e"
    ],
    [
      0.120044,
      "n"
    ],
    [
      0.167856,
      " "
    ],
    [
      0.112158,
      "o"
    ],
    [
      0.184028,
      "f"
    ],
    [
      0.032017,
      " "
    ],
    [
      0.456002,
      "y"
    ],
    [
      0.096019,
      "o"
    ],
    [
      0.087947,
      "u"
    ],
    [
      0.152039,
      " "
    ],
    [
      0.495884,
      "\b\u001b[K"
    ],
    [
      0.088122,
      "r"
    ],
    [
      0.216026,
      " "
    ],
    [
      0.088007,
      "t"
    ],
    [
      0.223884,
      "e"
    ],
    [
      0.080076,
      "r"
    ],
    [
      1.128168,
      "m"
    ],
    [
      0.135818,
      "i"
    ],
    [
      0.136024,
      "n"
    ],
    [
      0.143999,
      "a"
    ],
    [
      0.103897,
      "l"
    ],
    [
      0.136046,
      " "
    ],
    [
      0.224071,
      "("
    ],
    [
      0.207986,
      "s"
    ],
    [
      0.071752,
      "t"
    ],
    [
      0.176256,
      "d"
    ],
    [
      0.071881,
      "o"
    ],
    [
      0.376108,
      "u"
    ],
    [
      0.208027,
      "t"
    ],
    [
      0.263899,
      ")"
    ],
    [
      1.255986,
      "\r\n"
    ],
    [
      8.2e-05,
      "\u001b]0;root@acs-villas:/villas\u0007"
    ],
    [
      1.6e-05,
      "[root@acs-villas villas]# "
    ],
    [
      1.199915,
      "v"
    ],
    [
      0.144022,
      "i"
    ],
    [
      0.272041,
      "l"
    ],
    [
      0.159936,
      "l"
    ],
    [
      0.063979,
      "a"
    ],
    [
      0.080014,
      "s"
    ],
    [
      0.096102,
      " "
    ],
    [
      0.135962,
      "s"
    ],
    [
      0.120022,
      "i"
    ],
    [
      0.288025,
      "g"
    ],
    [
      0.263944,
      "n"
    ],
    [
      0.096072,
      "a"
    ],
    [
      0.143986,
      "l"
    ],
    [
      0.128153,
      " "
    ],
    [
      0.19184,
      "s"
    ],
    [
      0.111985,
      "i"
    ],
    [
      0.079916,
      "n"
    ],
    [
      0.088092,
      "e"
    ],
    [
      0.31202,
      " "
    ],
    [
      0.231933,
      "-"
    ],
    [
      0.18401,
      "l"
    ],
    [
      0.424036,
      " "
    ],
    [
      0.168029,
      "1"
    ],
    [
      0.095892,
      "0"
    ],
    [
      1.120004,
      " "
    ],
    [
      0.12811,
      "-"
    ],
    [
      0.119752,
      "r"
    ],
    [
      0.176204,
      " "
    ],
    [
      1.520054,
      "1"
    ],
    [
      0.127875,
      "0"
    ],
    [
      0.264045,
      " "
    ],
    [
      0.15205,
      "-"
    ],
    [
      0.111935,
      "f"
    ],
    [
      0.352084,
      "3"
    ],
    [
      0.783941,
      "\b\u001b[K"
    ],
    [
      0.063945,
      " "
    ],
    [
      0.072048,
      "3"
    ],
    [
      0.056063,
      " "
    ],
    [
      0.735931,
      "-"
    ],
    [
      1.248093,
      "v"
    ],
    [
      0.199924,
      " "
    ],
    [
      0.200021,
      "1"
    ],
    [
      1.640028,
      "\r\n"
    ],
    [
      0.020893,
      "# VILLASnode signal params: type=sine, values=1, rate=10.000000, limit=10, amplitude=1.000000, freq=3.000000\r\n# sec.nsec(seq)       \t\tdata[]\r\n"
    ],
    [
      2.7e-05,
      "1494243809.289915747(0)\t0.000004\r\n"
    ],
    [
      0.099892,
      "1494243809.389914059(1)\t0.951065\r\n"
    ],
    [
      0.100008,
      "1494243809.489914165(2)\t-0.587764\r\n"
    ],
    [
      0.099987,
      "1494243809.589913730(3)\t-0.587813\r\n"
    ],
    [
      0.1,
      "1494243809.689913674(4)\t0.951046\r\n"
    ],
    [
      0.099997,
      "1494243809.789913546(5)\t0.000037\r\n"
    ],
    [
      0.100003,
      "1494243809.889913770(6)\t-0.951067\r\n"
    ],
    [
      0.099997,
      "1494243809.989913845(7)\t0.587759\r\n"
    ],
    [
      0.100002,
      "1494243810.089913529(8)\t0.587816\r\n"
    ],
    [
      0.100001,
      "1494243810.189913383(9)\t-0.951044\r\n"
    ],
    [
      0.100429,
      "\u001b]0;root@acs-villas:/villas\u0007"
    ],
    [
      1.9e-05,
      "[root@acs-villas villas]# "
    ]
  ],
  "command": null,
  "duration": 47.849079,